{
  "dimensions": {
    "minecraft:overworld": {
      "type": "minecraft:overworld",
      "generator": {
        "type": "minecraft:flat",
        "settings": {
          "lakes": false,
          "features": true,
          "layers": [
            {
              "block": "minecraft:air",
              "height": 100
            },
            {
              "block": "minecraft:stone",
              "height": 100
            },
            {
              "block": "minecraft:chiseled_sandstone",
              "height": 69
            }
          ],
          "structure_overrides": [
            "minecraft:igloos",
            "minecraft:ancient_cities",
            "minecraft:ocean_ruins"
          ]
        }
      }
    },
    "minecraft:the_end": {
      "type": "minecraft:the_end",
      "generator": {
        "type": "minecraft:noise",
        "settings": "minecraft:end",
        "biome_source": {
          "type": "minecraft:the_end"
        }
      }
    },
    "minecraft:the_nether": {
      "type": "minecraft:the_nether",
      "generator": {
        "type": "minecraft:noise",
        "settings": "minecraft:nether",
        "biome_source": {
          "type": "minecraft:multi_noise",
          "preset": "minecraft:nether"
        }
      }
    }
  }
}
